poleNo,brand,model,material,type,colour,gender,eyeSize,bridgeSize,sideLength,barcode,patientSideLength,patientFaceWidth,isSunglass,vari,FaceShapes,AgeKeywords,View,Front,Side
13A,Stepper,SI-50105,Titanium,Fullrim,Purple,Female,52,15,130,505478142650,SmallSL,MediumPD,0,1,Oval Round,Modern Traditional,/Images/FrameImages/13A1.jpg,/Images/FrameImages/13A2.jpg,/Images/FrameImages/13A3.jpg
13B,Stepper,SI-30072,Plastic,Fullrim,Pink,Female,52,14,130,505478142650,SmallSL,MediumPD,0,1,Oval Round,Modern Traditional,/Images/FrameImages/13B1.jpg,/Images/FrameImages/13B2.jpg,/Images/FrameImages/13B3.jpg
13C,Stepper,SI-30053,Plastic,Fullrim,Black,Female,52,14,130,505478142650,SmallSL,MediumPD,0,1,Oval Round,Modern Traditional,/Images/FrameImages/13C1.jpg,/Images/FrameImages/13C2.jpg,/Images/FrameImages/13C3.jpg
13D,Stepper,SI3041,Titanium,Supra,Bronze,Female,52,18,135,505478142650,MediumSL,MediumPD,0,1,Oval Square,Modern Traditional,/Images/FrameImages/13D1.jpg,/Images/FrameImages/13D2.jpg,/Images/FrameImages/13D3.jpg
13E,Stepper,SI3146,Titanium,Fullrim,Gold,Female,54,13,135,505478142650,MediumSL,MediumPD,0,1,Oval Round,Traditional,/Images/FrameImages/13E1.jpg,/Images/FrameImages/13E2.jpg,/Images/FrameImages/13E3.jpg
13F,Stepper,SI3146,Titanium,Rimless,Gold,Female,53,16,135,505478142650,MediumSL,MediumPD,0,1,Oval Square,Traditional,/Images/FrameImages/13F1.jpg,/Images/FrameImages/13F2.jpg,/Images/FrameImages/13F3.jpg
13G,Stepper,SI50002,Titanium,Supra,Lilac,Female,54,17,135,505478142650,MediumSL,LargePD,0,1,Oval Round Rectangular,Modern Traditional,/Images/FrameImages/13G1.jpg,/Images/FrameImages/13G2.jpg,/Images/FrameImages/13G3.jpg
13H,Stepper,SI3580,Titanium,Rimless,Lilac,Female,51,16,135,505478142650,MediumSL,MediumPD,0,0,Oval Round,Traditional,/Images/FrameImages/13H1.jpg,/Images/FrameImages/13H2.jpg,/Images/FrameImages/13H3.jpg
13I,Stepper,SI-94945,Titanium,Rimless,Purple,Female,54,13,135,505478142650,MediumSL,MediumPD,0,0,Oval Round,Traditional,/Images/FrameImages/13I1.jpg,/Images/FrameImages/13I2.jpg,/Images/FrameImages/13I3.jpg
13K,Rochas,RO9147,Metal,Fullrim,Silver,Female,52,18,135,505478142650,MediumSL,MediumPD,0,1,Oval Square,Modern Traditional,/Images/FrameImages/13K1.jpg,/Images/FrameImages/13K2.jpg,/Images/FrameImages/13K3.jpg
13L,Rochas,RO9148,Metal,Supra,Red,Female,51,18,135,505478142650,MediumSL,MediumPD,0,0,Oval Round,Modern Traditional,/Images/FrameImages/13L1.jpg,/Images/FrameImages/13L2.jpg,/Images/FrameImages/13L3.jpg
13N,Rochas,RO9117,Metal,Supra,Bronze,Female,54,17,135,505478142650,MediumSL,LargePD,0,1,Oval Round Rectangular,Modern Traditional,/Images/FrameImages/13N1.jpg,/Images/FrameImages/13N2.jpg,/Images/FrameImages/13N3.jpg
13O,Rochas,RO9093,Metal,Supra,Gold,Female,51,18,135,505478142650,MediumSL,MediumPD,0,1,Oval Round,Modern Traditional,/Images/FrameImages/13O1.jpg,/Images/FrameImages/13O2.jpg,/Images/FrameImages/13O3.jpg
13P,Rochas,RO9134,Metal,Supra,Lilac,Female,52,18,135,505478142650,MediumSL,MediumPD,0,1,Oval Round,Modern Traditional,/Images/FrameImages/13P1.jpg,/Images/FrameImages/13P2.jpg,/Images/FrameImages/13P3.jpg
13Q,Rochas,RO9147,Metal,Fullrim,Gold,Female,52,18,135,505478142650,MediumSL,MediumPD,0,0,Oval ,Modern Traditional,/Images/FrameImages/13Q1.jpg,/Images/FrameImages/13Q2.jpg,/Images/FrameImages/13Q3.jpg
13R,Rochas,RO9092,Metal,Fullrim,Blue,Female,50,18,135,505478142650,MediumSL,MediumPD,0,1,Oval Rectangular,Modern Traditional,/Images/FrameImages/13R1.jpg,/Images/FrameImages/13R2.jpg,/Images/FrameImages/13R3.jpg
14A,Luxe,AS320,Metal,Supra,Bronze,Female,51,17,135,505478142650,MediumSL,MediumPD,0,1,Oval Round,Traditional,/Images/FrameImages/14A1.jpg,/Images/FrameImages/14A2.jpg,/Images/FrameImages/14A3.jpg
14B,Luxe,AS348,Metal,Fullrim,Black,Female,53,18,135,505478142650,MediumSL,MediumPD,0,1,Oval Round Rectangular,Modern Traditional,/Images/FrameImages/14B1.jpg,/Images/FrameImages/14B2.jpg,/Images/FrameImages/14B3.jpg
14C,Luxe,AS339,Metal,Supra,Bronze,Female,50,18,135,505478142650,MediumSL,MediumPD,0,0,Oval Square,Traditional,/Images/FrameImages/14C1.jpg,/Images/FrameImages/14C2.jpg,/Images/FrameImages/14C3.jpg
14D,Luxe,AS346,Plastic,Metal,Bronze,Female,54,17,130,505478142650,SmallSL,LargePD,0,1,Oval Rectangular,Traditional,/Images/FrameImages/14D1.jpg,/Images/FrameImages/14D2.jpg,/Images/FrameImages/14D3.jpg
14E,Luxe,AS320,Metal,Supra,Silver,Female,51,17,135,505478142650,MediumSL,MediumPD,0,1,Oval Round,Traditional,/Images/FrameImages/14E1.jpg,/Images/FrameImages/14E2.jpg,/Images/FrameImages/14E3.jpg
14F,Luxe,AS317,Metal,Fullrim,Blush,Female,53,17,135,505478142650,MediumSL,MediumPD,0,1,Oval Rectangular,Traditional,/Images/FrameImages/14F1.jpg,/Images/FrameImages/14F2.jpg,/Images/FrameImages/14F3.jpg
14G,Luxe,AS317,Metal,Supra,Bronze,Female,52,17,135,505478142650,MediumSL,MediumPD,0,0,Oval Rectangular,Traditional,/Images/FrameImages/14G1.jpg,/Images/FrameImages/14G2.jpg,/Images/FrameImages/14G3.jpg
14H,Luxe,AS344,Metal,Fullrim,Bronze,Female,52,16,135,505478142650,MediumSL,MediumPD,0,1,Oval Round,Modern Traditional,/Images/FrameImages/14H1.jpg,/Images/FrameImages/14H2.jpg,/Images/FrameImages/14H3.jpg
14I,Luxe,AS347,Plastic,Fullrim,Black,Female,53,18,135,505478142650,MediumSL,MediumPD,0,0,Oval Round,Modern Traditional,/Images/FrameImages/14I1.jpg,/Images/FrameImages/14I2.jpg,/Images/FrameImages/14I3.jpg
14K,Mugler,TR1076,Plastic,Fullrim,Burgundy,Female,51,13,140,505478142650,LargeSL,SmallPD,0,1,Oval Round,Modern Traditional,/Images/FrameImages/14K1.jpg,/Images/FrameImages/14K2.jpg,/Images/FrameImages/14K3.jpg
14L,Mugler,TR1062,Plastic,Fullrim,Black,Female,52,15,135,505478142650,MediumSL,MediumPD,0,1,Oval Square,Modern Traditional,/Images/FrameImages/14L1.jpg,/Images/FrameImages/14L2.jpg,/Images/FrameImages/14L3.jpg
14M,Mugler,TR1063,Metal,Fullrim,Black,Female,52,15,135,505478142650,MediumSL,MediumPD,0,1,Oval Round,Modern Traditional,/Images/FrameImages/14M1.jpg,/Images/FrameImages/14M2.jpg,/Images/FrameImages/14M3.jpg
14N,Mugler,TR1021,Plastic,Fullrim,Tort,Female,53,14,135,505478142650,MediumSL,MediumPD,0,1,Oval Square,Modern Traditional,/Images/FrameImages/14N1.jpg,/Images/FrameImages/14N2.jpg,/Images/FrameImages/14N3.jpg
14O,Mugler,TR1025,Plastic,Fullrim,Purple,Female,52,15,135,505478142650,MediumSL,MediumPD,0,1,Oval Round,Modern,/Images/FrameImages/14O1.jpg,/Images/FrameImages/14O2.jpg,/Images/FrameImages/14O3.jpg
14P,Mugler,TR1068,Plastic,Fullrim,Honey,Female,52,15,135,505478142650,MediumSL,MediumPD,0,1,Oval Square,Modern Traditional,/Images/FrameImages/14P1.jpg,/Images/FrameImages/14P2.jpg,/Images/FrameImages/14P3.jpg
14Q,Mugler,TR1016,Plastic,Fullrim,Navy,Female,52,15,135,505478142650,MediumSL,MediumPD,0,1,Oval Square,Modern,/Images/FrameImages/14Q1.jpg,/Images/FrameImages/14Q2.jpg,/Images/FrameImages/14Q3.jpg
14R,Mugler,TR1072,Plastic,Fullrim,Tort,Female,52,14,140,505478142650,LargeSL,MediumPD,0,1,Oval Square,Modern Traditional,/Images/FrameImages/14R1.jpg,/Images/FrameImages/14R2.jpg,/Images/FrameImages/14R3.jpg
15A,Karl Lagerfeld,KL742-013,Plastic,Fullrim,Navy,Female,53,17,140,505478142650,LargeSL,MediumPD,0,1,Oval Square,Modern Traditional,/Images/FrameImages/15A1.jpg,/Images/FrameImages/15A2.jpg,/Images/FrameImages/15A3.jpg
15B,Karl Lagerfeld,KL817-012,Plastic,Fullrim,Tort,Female,52,19,140,505478142650,LargeSL,MediumPD,0,1,Oval Round Rectangular,Modern Traditional,/Images/FrameImages/15B1.jpg,/Images/FrameImages/15B2.jpg,/Images/FrameImages/15B3.jpg
15C,Karl Lagerfeld,KL741-054,Plastic,Fullrim,Tort,Female,49,18,140,505478142650,LargeSL,MediumPD,0,1,Oval Round,Modern Traditional,/Images/FrameImages/15C1.jpg,/Images/FrameImages/15C2.jpg,/Images/FrameImages/15C3.jpg
15D,Karl Lagerfeld,KL852-084,Plastic,Fullrim,Gray,Female,52,15,135,505478142650,MediumSL,MediumPD,0,1,Oval Square,Modern Traditional,/Images/FrameImages/15D1.jpg,/Images/FrameImages/15D2.jpg,/Images/FrameImages/15D3.jpg
15E,Karl Lagerfeld,KL852-001,Plastic,Fullrim,Black,Female,52,15,135,505478142650,MediumSL,MediumPD,0,1,Oval Square,Modern Traditional,/Images/FrameImages/15E1.jpg,/Images/FrameImages/15E2.jpg,/Images/FrameImages/15E3.jpg
15F,Karl Lagerfeld,KL804-142,Plastic,Fullrim,Black,Female,54,16,135,505478142650,MediumSL,MediumPD,0,1,Oval Round,Modern Traditional,/Images/FrameImages/15F1.jpg,/Images/FrameImages/15F2.jpg,/Images/FrameImages/15F3.jpg
15G,Karl Lagerfeld,KL804-104,Plastic,Fullrim,Olive,Female,54,16,135,505478142650,MediumSL,MediumPD,0,1,Oval Round Rectangular,Modern Traditional,/Images/FrameImages/15G1.jpg,/Images/FrameImages/15G2.jpg,/Images/FrameImages/15G3.jpg
15H,Karl Lagerfeld,KL737-114,Plastic,Fullrim,Brown,Female,53,17,135,505478142650,MediumSL,MediumPD,0,0,Oval Rectangular,Modern Traditional,/Images/FrameImages/15H1.jpg,/Images/FrameImages/15H2.jpg,/Images/FrameImages/15H3.jpg
15I,Karl Lagerfeld,KL202-517,Metal,Fullrim,Brown,Female,51,17,135,505478142650,MediumSL,MediumPD,0,1,Oval Round Rectangular,Modern Traditional,/Images/FrameImages/15I1.jpg,/Images/FrameImages/15I2.jpg,/Images/FrameImages/15I3.jpg
15K,Bebe,BB5083,Metal,Fullrim,Gold,Female,51,16,135,505478142650,MediumSL,MediumPD,0,1,Oval Square,Modern Traditional,/Images/FrameImages/15K1.jpg,/Images/FrameImages/15K2.jpg,/Images/FrameImages/15K3.jpg
15L,Bebe,BB5076,Metal,Fullrim,Navy,Female,50,16,130,505478142650,SmallSL,MediumPD,0,1,Oval Round Rectangular,Modern Traditional,/Images/FrameImages/15L1.jpg,/Images/FrameImages/15L2.jpg,/Images/FrameImages/15L3.jpg
15M,Bebe,BB5071,Metal,Fullrim,Black,Female,51,16,135,505478142650,MediumSL,MediumPD,0,1,Oval Square,Modern Traditional,/Images/FrameImages/15M1.jpg,/Images/FrameImages/15M2.jpg,/Images/FrameImages/15M3.jpg
15N,Bebe,BB5084,Plastic,Fullrim,Purple,Female,52,15,135,505478142650,MediumSL,MediumPD,0,1,Oval Round,Modern Traditional,/Images/FrameImages/15N1.jpg,/Images/FrameImages/15N2.jpg,/Images/FrameImages/15N3.jpg
15O,Bebe,BB5078,Plastic,Fullrim,Brown,Female,53,18,135,505478142650,MediumSL,MediumPD,0,1,Oval Square,Traditional,/Images/FrameImages/15O1.jpg,/Images/FrameImages/15O2.jpg,/Images/FrameImages/15O3.jpg
15P,Bebe,BB5079,Plastic,Fullrim,Blue,Female,51,16,135,505478142650,MediumSL,MediumPD,0,1,Oval Square,Traditional,/Images/FrameImages/15P1.jpg,/Images/FrameImages/15P2.jpg,/Images/FrameImages/15P3.jpg
15Q,Bebe,BB5041,Plastic,Fullrim,Brown,Female,51,15,135,505478142650,MediumSL,MediumPD,0,0,Oval Rectangular,Traditional,/Images/FrameImages/15Q1.jpg,/Images/FrameImages/15Q2.jpg,/Images/FrameImages/15Q3.jpg
15R,Bebe,BB5042,Plastic,Fullrim,Tort,Female,51,15,135,505478142650,MediumSL,MediumPD,0,1,Oval Round Rectangular,Traditional,/Images/FrameImages/15R1.jpg,/Images/FrameImages/15R2.jpg,/Images/FrameImages/15R3.jpg
16A,7 For All Mankind,703,Plastic,Fullrim,Brown,Female,50,19,143,505478142650,LargeSL,MediumPD,0,0,Oval,Modern Traditional,/Images/FrameImages/16A1.jpg,/Images/FrameImages/16A2.jpg,/Images/FrameImages/16A3.jpg
16B,7 For All Mankind,709,Plastic,Fullrim,Black,Female,51,17,138,505478142650,MediumSL,MediumPD,0,0,Oval,Modern Traditional,/Images/FrameImages/16B1.jpg,/Images/FrameImages/16B2.jpg,/Images/FrameImages/16B3.jpg
16C,7 For All Mankind,703,Plastic,Fullrim,Black,Female,50,19,143,505478142650,LargeSL,MediumPD,0,0,Oval,Modern Traditional,/Images/FrameImages/16C1.jpg,/Images/FrameImages/16C2.jpg,/Images/FrameImages/16C3.jpg
16D,7 For All Mankind,708,Plastic,Fullrim,Red,Female,52,18,140,505478142650,LargeSL,MediumPD,0,0,Oval,Modern Traditional,/Images/FrameImages/16D1.jpg,/Images/FrameImages/16D2.jpg,/Images/FrameImages/16D3.jpg
16E,7 For All Mankind,701,Plastic,Fullrim,Purple,Female,50,16,140,505478142650,LargeSL,MediumPD,0,1,Oval Round Rectangular,Modern Traditional,/Images/FrameImages/16E1.jpg,/Images/FrameImages/16E2.jpg,/Images/FrameImages/16E3.jpg
16F,7 For All Mankind,726,Plastic,Fullrim,Brown,Female,52,18,145,505478142650,LargeSL,MediumPD,0,1,Oval Round Rectangular,Modern Traditional,/Images/FrameImages/16F1.jpg,/Images/FrameImages/16F2.jpg,/Images/FrameImages/16F3.jpg
16G,7 For All Mankind,714,Metal,Supra,Purple,Female,50,18,142,505478142650,LargeSL,MediumPD,0,0,Oval Round ,Modern Traditional,/Images/FrameImages/16G1.jpg,/Images/FrameImages/16G2.jpg,/Images/FrameImages/16G3.jpg
16H,7 For All Mankind,714,Metal,Supra,Brown,Female,50,18,142,505478142650,LargeSL,MediumPD,0,0,Oval Round,Modern Traditional,/Images/FrameImages/16H1.jpg,/Images/FrameImages/16H2.jpg,/Images/FrameImages/16H3.jpg
16I,7 For All Mankind,773,Plastic,Fullrim,Purple,Female,54,15,145,505478142650,LargeSL,MediumPD,0,1,Oval Round,Modern Traditional,/Images/FrameImages/16I1.jpg,/Images/FrameImages/16I2.jpg,/Images/FrameImages/16I3.jpg
16K,Hicole Hirler,Grove,Metal,Supra,Pink,Female,47,16,125,505478142650,SmallSL,SmallPD,0,1,Oval Square,Modern Traditional,/Images/FrameImages/16K1.jpg,/Images/FrameImages/16K2.jpg,/Images/FrameImages/16K3.jpg
16L,Hicole Hirler,Grove,Plastic,Fullrim,Gray,Female,49,16,125,505478142650,SmallSL,SmallPD,0,0,Oval,Modern Traditional,/Images/FrameImages/16L1.jpg,/Images/FrameImages/16L2.jpg,/Images/FrameImages/16L3.jpg
16M,Hicole Hirler,Bond,Plastic,Fullrim,Gold,Female,48,16,130,505478142650,SmallSL,SmallPD,0,1,Oval Square,Traditional,/Images/FrameImages/16M1.jpg,/Images/FrameImages/16M2.jpg,/Images/FrameImages/16M3.jpg
16N,Hicole Hirler,Front,Plastic,Fullrim,Purple,Female,48,15,130,505478142650,SmallSL,SmallPD,0,1,Oval Round,Modern Traditional,/Images/FrameImages/16N1.jpg,/Images/FrameImages/16N2.jpg,/Images/FrameImages/16N3.jpg
16O,Hicole Hirler,Bleeker,Plastic,Fullrim,Black,Female,50,15,135,505478142650,MediumSL,SmallPD,0,1,Oval Round ,Modern Traditional,/Images/FrameImages/16O1.jpg,/Images/FrameImages/16O2.jpg,/Images/FrameImages/16O3.jpg
16P,Hicole Hirler,Bleeker,Plastic,Fullrim,Tort,Female,50,15,135,505478142650,MediumSL,SmallPD,1,1,Oval Round,Modern Traditional,/Images/FrameImages/16P1.jpg,/Images/FrameImages/16P2.jpg,/Images/FrameImages/16P3.jpg
16Q,Hicole Hirler,Amsterdam,Metal,Fullrim,Black,Female,49,15,130,505478142650,SmallSL,SmallPD,1,1,Oval Round,Modern Traditional,/Images/FrameImages/16Q1.jpg,/Images/FrameImages/16Q2.jpg,/Images/FrameImages/16Q3.jpg
16R,Hicole Hirler,Front,Plastic,Fullrim,Black,Female,50,15,130,505478142650,SmallSL,SmallPD,1,1,Oval Round,Modern Traditional,/Images/FrameImages/16R1.jpg,/Images/FrameImages/16R2.jpg,/Images/FrameImages/16R3.jpg
17A,Cacharel Paris,CA3014,Plastic,Fullrim,Purple,Female,52,17,140,505478142650,LargeSL,MediumPD,0,1,Oval Square,Modern Traditional,/Images/FrameImages/17A1.jpg,/Images/FrameImages/17A2.jpg,/Images/FrameImages/17A3.jpg
17B,Cacharel Paris,CA3020,Plastic,Fullrim,Blue,Female,49,18,140,505478142650,LargeSL,MediumPD,0,1,Oval Round,Modern Traditional,/Images/FrameImages/17B1.jpg,/Images/FrameImages/17B2.jpg,/Images/FrameImages/17B3.jpg
17C,Cacharel Paris,CA3026,Plastic,Fullrim,Black,Female,52,17,135,505478142650,MediumSL,MediumPD,0,1,Oval Round Rectangular,Modern Traditional,/Images/FrameImages/17C1.jpg,/Images/FrameImages/17C2.jpg,/Images/FrameImages/17C3.jpg
17D,Cacharel Paris,CA3013,Plastic,Fullrim,Tort,Female,53,15,135,505478142650,MediumSL,MediumPD,0,1,Oval Round,Modern Traditional,/Images/FrameImages/17D1.jpg,/Images/FrameImages/17D2.jpg,/Images/FrameImages/17D3.jpg
17E,Cacharel Paris,CA1013,Plastic,Fullrim,Black,Female,53,17,135,505478142650,MediumSL,MediumPD,0,1,Oval Square,Modern Traditional,/Images/FrameImages/17E1.jpg,/Images/FrameImages/17E2.jpg,/Images/FrameImages/17E3.jpg
17F,Cacharel Paris,CA3015,Plastic,Fullrim,Red,Female,49,20,140,505478142650,LargeSL,MediumPD,0,1,Oval Square,Modern,/Images/FrameImages/17F1.jpg,/Images/FrameImages/17F2.jpg,/Images/FrameImages/17F3.jpg
17G,Cacharel Paris,CA3013,Plastic,Fullrim,Caramel,Female,53,15,135,505478142650,MediumSL,MediumPD,0,1,Oval Round ,Modern Traditional,/Images/FrameImages/17G1.jpg,/Images/FrameImages/17G2.jpg,/Images/FrameImages/17G3.jpg
17H,Cacharel Paris,CA1011,Metal,Supra,Bronze,Female,51,17,135,505478142650,MediumSL,MediumPD,0,0,Oval Round Rectangular,Traditional,/Images/FrameImages/17H1.jpg,/Images/FrameImages/17H2.jpg,/Images/FrameImages/17H3.jpg
17I,Cacharel Paris,CA3019,Plastic,Fullrim,Navy,Female,52,17,130,505478142650,SmallSL,MediumPD,0,1,Oval Round,Modern,/Images/FrameImages/17I1.jpg,/Images/FrameImages/17I2.jpg,/Images/FrameImages/17I3.jpg
17K,Cacharel Paris,CA7011,Plastic,Fullrim,Red,Female,57,16,140,505478142650,LargeSL,LargePD,1,1,Oval Round Rectangular,Modern Traditional,/Images/FrameImages/17K1.jpg,/Images/FrameImages/17K2.jpg,/Images/FrameImages/17K3.jpg
17L,Cacharel Paris,CA7016,Plastic,Fullrim,Black,Female,56,18,135,505478142650,MediumSL,LargePD,1,1,Oval Round Rectangular,Modern Traditional,/Images/FrameImages/17L1.jpg,/Images/FrameImages/17L2.jpg,/Images/FrameImages/17L3.jpg
17M,Cacharel Paris,CA7012,Plastic,Fullrim,Tort,Female,53,17,140,505478142650,LargeSL,MediumPD,1,1,Oval Round Rectangular,Modern Traditional,/Images/FrameImages/17M1.jpg,/Images/FrameImages/17M2.jpg,/Images/FrameImages/17M3.jpg
17N,Cacharel Paris,CA3029,Plastic,Fullrim,Gold,Female,54,17,140,505478142650,LargeSL,LargePD,1,1,Oval,Traditional,/Images/FrameImages/17N1.jpg,/Images/FrameImages/17N2.jpg,/Images/FrameImages/17N3.jpg
17O,7 For All Mankind,7905,Plastic,Fullrim,Green,Female,50,19,140,505478142650,LargeSL,MediumPD,1,1,Oval Round Rectangular,Modern Traditional,/Images/FrameImages/17O1.jpg,/Images/FrameImages/17O2.jpg,/Images/FrameImages/17O3.jpg
17P,7 For All Mankind,ECHO,Plastic,Fullrim,Tort,Female,52,19,143,505478142650,LargeSL,MediumPD,1,1,Oval Round Rectangular,Modern Traditional,/Images/FrameImages/17P1.jpg,/Images/FrameImages/17P2.jpg,/Images/FrameImages/17P3.jpg
17Q,7 For All Mankind,Arieta,Plastic,Fullrim,Black,Female,55,18,143,505478142650,LargeSL,LargePD,1,1,Oval Square,Modern Traditional,/Images/FrameImages/17Q1.jpg,/Images/FrameImages/17Q2.jpg,/Images/FrameImages/17Q3.jpg
17R,7 For All Mankind,7907,Plastic,Fullrim,Blue,Female,51,18,145,505478142650,LargeSL,MediumPD,1,1,Oval Round Rectangular,Modern Traditional,/Images/FrameImages/17R1.jpg,/Images/FrameImages/17R2.jpg,/Images/FrameImages/17R3.jpg
18A,7 For All Mankind,750,Plastic,Fullrim,Black,Male,54,17,140,505478142650,MediumSL,MediumPD,0,1,Oval Round Rectangular,Modern Traditional,/Images/FrameImages/18A1.jpg,/Images/FrameImages/18A2.jpg,/Images/FrameImages/18A3.jpg
18B,7 For All Mankind,720,Metal,Fullrim,Gun,Male,53,17,140,505478142650,MediumSL,MediumPD,0,1,Oval Round,Modern Traditional,/Images/FrameImages/18B1.jpg,/Images/FrameImages/18B2.jpg,/Images/FrameImages/18B3.jpg
18C,7 For All Mankind,753,Plastic,Fullrim,Brown,Male,47,20,140,505478142650,MediumSL,SmallPD,0,1,Oval Square,Modern,/Images/FrameImages/18C1.jpg,/Images/FrameImages/18C2.jpg,/Images/FrameImages/18C3.jpg
18D,7 For All Mankind,752,Plastic,Fullrim,Tort,Male,50,19,140,505478142650,MediumSL,SmallPD,0,1,Oval Square,Modern Traditional,/Images/FrameImages/18D1.jpg,/Images/FrameImages/18D2.jpg,/Images/FrameImages/18D3.jpg
18E,7 For All Mankind,712,Plastic,Fullrim,Gray,Male,53,19,143,505478142650,MediumSL,MediumPD,0,1,Oval Round Rectangular,Modern Traditional,/Images/FrameImages/18E1.jpg,/Images/FrameImages/18E2.jpg,/Images/FrameImages/18E3.jpg
18F,7 For All Mankind,721,Metal,Fullrim,Gun,Male,53,18,145,505478142650,LargeSL,MediumPD,0,1,Oval Round,Modern Traditional,/Images/FrameImages/18F1.jpg,/Images/FrameImages/18F2.jpg,/Images/FrameImages/18F3.jpg
18G,7 For All Mankind,751,Plastic,Fullrim,Blue,Male,52,18,145,505478142650,LargeSL,MediumPD,0,1,Oval Square,Modern Traditional,/Images/FrameImages/18G1.jpg,/Images/FrameImages/18G2.jpg,/Images/FrameImages/18G3.jpg
18H,7 For All Mankind,730,Plastic,Fullrim,Tort,Male,50,18,138,505478142650,MediumSL,SmallPD,0,1,Oval Square,Modern Traditional,/Images/FrameImages/18H1.jpg,/Images/FrameImages/18H2.jpg,/Images/FrameImages/18H3.jpg
18I,7 For All Mankind,723,Metal,Fullrim,Black,Male,51,19,135,505478142650,MediumSL,MediumPD,0,1,Oval Round,Modern Traditional,/Images/FrameImages/18I1.jpg,/Images/FrameImages/18I2.jpg,/Images/FrameImages/18I3.jpg
18K,7 For All Mankind,Topenga,Metal,Fullrim,Black,Male,58,15,150,505478142650,LargeSL,LargePD,1,1,Oval Rectangular Square,Modern Traditional,/Images/FrameImages/18K1.jpg,/Images/FrameImages/18K2.jpg,/Images/FrameImages/18K3.jpg
18L,7 For All Mankind,Topenga,Plastic,Fullrim,Brown,Male,58,15,150,505478142650,LargeSL,LargePD,1,1,Oval Rectangular Square,Modern Traditional,/Images/FrameImages/18L1.jpg,/Images/FrameImages/18L2.jpg,/Images/FrameImages/18L3.jpg
18M,7 For All Mankind,7905,Plastic,Fullrim,Tort,Male,50,19,140,505478142650,MediumSL,SmallPD,1,1,Oval Rectangular Square,Modern Traditional,/Images/FrameImages/18M1.jpg,/Images/FrameImages/18M2.jpg,/Images/FrameImages/18M3.jpg
18N,7 For All Mankind,7907,Plastic,Fullrim,Black,Male,51,18,145,505478142650,LargeSL,MediumPD,1,1,Oval Rectangular Square,Modern Traditional,/Images/FrameImages/18N1.jpg,/Images/FrameImages/18N2.jpg,/Images/FrameImages/18N3.jpg
18O,7 For All Mankind,Fernando,Metal,Fullrim,Gun,Male,61,14,142,505478142650,MediumSL,LargePD,1,1,Oval Rectangular Square,Modern Traditional,/Images/FrameImages/18O1.jpg,/Images/FrameImages/18O2.jpg,/Images/FrameImages/18O3.jpg
18P,Penguin,Hichpockets,Plastic,Fullrim,Black,Male,53,19,140,505478142650,MediumSL,MediumPD,1,1,Oval Rectangular Square,Modern,/Images/FrameImages/18P1.jpg,/Images/FrameImages/18P2.jpg,/Images/FrameImages/18P3.jpg
18Q,Penguin,Snead,Plastic,Fullrim,Tort,Male,55,16,135,505478142650,SmallSL,MediumPD,1,1,Oval Rectangular Square,Modern,/Images/FrameImages/18Q1.jpg,/Images/FrameImages/18Q2.jpg,/Images/FrameImages/18Q3.jpg
18R,Penguin,Doyle,Plastic,Fullrim,Black,Male,49,21,145,505478142650,LargeSL,SmallPD,1,1,Oval Rectangular Square,Modern Traditional,/Images/FrameImages/18R1.jpg,/Images/FrameImages/18R2.jpg,/Images/FrameImages/18R3.jpg
19A,Karl Lagerfeld,KL884-115,Plastic,Fullrim,Tort,Male,54,18,140,505478142650,MediumSL,MediumPD,0,1,Oval Round Rectangular,Modern Traditional,/Images/FrameImages/19A1.jpg,/Images/FrameImages/19A2.jpg,/Images/FrameImages/19A3.jpg
19B,Karl Lagerfeld,KL885-54,Plastic,Fullrim,Tobacco,Male,54,16,140,505478142650,MediumSL,MediumPD,0,1,Oval Round Rectangular,Modern,/Images/FrameImages/19B1.jpg,/Images/FrameImages/19B2.jpg,/Images/FrameImages/19B3.jpg
19C,Karl Lagerfeld,KL238-501,Metal,Fullrim,Black,Male,54,17,140,505478142650,MediumSL,MediumPD,0,1,Oval Rectangular,Modern Traditional,/Images/FrameImages/19C1.jpg,/Images/FrameImages/19C2.jpg,/Images/FrameImages/19C3.jpg
19D,Karl Lagerfeld,KL222-517,Metal,Fullrim,Green,Male,55,17,140,505478142650,MediumSL,MediumPD,0,0,Oval Round,Modern Traditional,/Images/FrameImages/19D1.jpg,/Images/FrameImages/19D2.jpg,/Images/FrameImages/19D3.jpg
19E,Karl Lagerfeld,KL803-36,Plastic,Fullrim,Green,Male,54,15,140,505478142650,MediumSL,MediumPD,0,1,Oval Round,Modern,/Images/FrameImages/19E1.jpg,/Images/FrameImages/19E2.jpg,/Images/FrameImages/19E3.jpg
19F,Karl Lagerfeld,KL228-502,Metal,Fullrim,Bronze,Male,54,18,140,505478142650,MediumSL,MediumPD,0,1,Oval Rectangular,Modern Traditional,/Images/FrameImages/19F1.jpg,/Images/FrameImages/19F2.jpg,/Images/FrameImages/19F3.jpg
19G,Karl Lagerfeld,KL226-508,Metal,Fullrim,Black,Male,52,19,140,505478142650,MediumSL,MediumPD,0,1,Oval Rectangular,Modern Traditional,/Images/FrameImages/19G1.jpg,/Images/FrameImages/19G2.jpg,/Images/FrameImages/19G3.jpg
19H,Karl Lagerfeld,KL216-508,Plastic,Fullrim,Black,Male,53,17,140,505478142650,MediumSL,MediumPD,0,0,Oval Round Rectangular,Modern Traditional,/Images/FrameImages/19H1.jpg,/Images/FrameImages/19H2.jpg,/Images/FrameImages/19H3.jpg
19K,Karl Lagerfeld,KL905S-13,Plastic,Fullrim,Tort,Male,58,15,140,505478142650,MediumSL,LargePD,1,1,Oval Rectangular Square,Modern Traditional,/Images/FrameImages/19K1.jpg,/Images/FrameImages/19K2.jpg,/Images/FrameImages/19K3.jpg
19L,Karl Lagerfeld,KL871S-13,Plastic,Fullrim,Tort,Male,56,17,140,505478142650,MediumSL,MediumPD,1,1,Oval Round,Modern Traditional,/Images/FrameImages/19L1.jpg,/Images/FrameImages/19L2.jpg,/Images/FrameImages/19L3.jpg
19M,Karl Lagerfeld,KL871S-77,Plastic,Fullrim,Black,Male,53,16,140,505478142650,MediumSL,MediumPD,1,1,Oval Round,Modern,/Images/FrameImages/19M1.jpg,/Images/FrameImages/19M2.jpg,/Images/FrameImages/19M3.jpg
19N,Flex,TA3703,Flex,Fullrim,Black,Male,54,17,140,505478142650,MediumSL,MediumPD,1,1,Oval Rectangular,Modern Traditional,/Images/FrameImages/19N1.jpg,/Images/FrameImages/19N2.jpg,/Images/FrameImages/19N3.jpg
19O,Flex,TA3704,Flex,Fullrim,Black,Male,56,17,145,505478142650,LargeSL,MediumPD,1,1,Oval Rectangular,Modern Traditional,/Images/FrameImages/19O1.jpg,/Images/FrameImages/19O2.jpg,/Images/FrameImages/19O3.jpg
19P,Flex,TA3705,Flex,Fullrim,Blue,Male,54,17,145,505478142650,LargeSL,MediumPD,1,1,Oval Round Rectangular,Modern Traditional,/Images/FrameImages/19P1.jpg,/Images/FrameImages/19P2.jpg,/Images/FrameImages/19P3.jpg
19Q,Flex,PW027,Flex,Fullrim,Gun,Male,58,16,145,505478142650,LargeSL,LargePD,1,1,Oval Rectangular Square,Modern Traditional,/Images/FrameImages/19Q1.jpg,/Images/FrameImages/19Q2.jpg,/Images/FrameImages/19Q3.jpg
19R,Flex,PW028,Flex,Fullrim,Brown,Male,58,16,145,505478142650,LargeSL,LargePD,1,1,Oval Rectangular Square,Modern Traditional,/Images/FrameImages/19R1.jpg,/Images/FrameImages/19R2.jpg,/Images/FrameImages/19R3.jpg
20A,Penguin,Huck,Plastic,Fullrim,Black,Male,56,17,145,505478142650,LargeSL,MediumPD,0,1,Oval Rectangular,Modern Traditional,/Images/FrameImages/20A1.jpg,/Images/FrameImages/20A2.jpg,/Images/FrameImages/20A3.jpg
20B,Penguin,Wayne,Metal,Fullrim,Brown,Male,55,18,140,505478142650,MediumSL,MediumPD,0,1,Oval Round Square,Modern,/Images/FrameImages/20B1.jpg,/Images/FrameImages/20B2.jpg,/Images/FrameImages/20B3.jpg
20C,Penguin,Sly,Plastic,Fullrim,Brown,Male,53,18,140,505478142650,MediumSL,MediumPD,0,1,Oval Round Square,Modern,/Images/FrameImages/20C1.jpg,/Images/FrameImages/20C2.jpg,/Images/FrameImages/20C3.jpg
20D,Penguin,Seaver,Plastic,Fullrim,Tort,Male,50,17,140,505478142650,MediumSL,SmallPD,0,1,Oval Round,Modern Traditional,/Images/FrameImages/20D1.jpg,/Images/FrameImages/20D2.jpg,/Images/FrameImages/20D3.jpg
20E,Penguin,Thompson,Plastic,Fullrim,Gray,Male,50,19,145,505478142650,LargeSL,SmallPD,0,1,Oval Round,Modern Traditional,/Images/FrameImages/20E1.jpg,/Images/FrameImages/20E2.jpg,/Images/FrameImages/20E3.jpg
20F,Penguin,Carmichael,Plastic,Fullrim,Burgundy,Male,50,19,135,505478142650,SmallSL,SmallPD,0,1,Oval Round,Modern Traditional,/Images/FrameImages/20F1.jpg,/Images/FrameImages/20F2.jpg,/Images/FrameImages/20F3.jpg
20G,Penguin,Paulie,Metal,Fullrim,Black,Male,49,18,135,505478142650,SmallSL,SmallPD,0,1,Oval Round,Modern Traditional,/Images/FrameImages/20G1.jpg,/Images/FrameImages/20G2.jpg,/Images/FrameImages/20G3.jpg
20H,Penguin,Baker,Plastic,Fullrim,Blue,Male,55,18,145,505478142650,LargeSL,MediumPD,0,1,Oval Rectangular,Modern Traditional,/Images/FrameImages/20H1.jpg,/Images/FrameImages/20H2.jpg,/Images/FrameImages/20H3.jpg
20I,Penguin,Carmichael,Plastic,Fullrim,Blue,Male,52,19,140,505478142650,MediumSL,MediumPD,0,1,Oval Round,Modern Traditional,/Images/FrameImages/20I1.jpg,/Images/FrameImages/20I2.jpg,/Images/FrameImages/20I3.jpg
20K,Davidoff,97124,Plastic,Fullrim,Black,Male,53,19,135,505478142650,SmallSL,MediumPD,1,1,Oval Round,Modern Traditional,/Images/FrameImages/20K1.jpg,/Images/FrameImages/20K2.jpg,/Images/FrameImages/20K3.jpg
20L,Davidoff,97125,Plastic,Fullrim,Black,Male,53,20,135,505478142650,SmallSL,MediumPD,1,1,Oval Round,Modern Traditional,/Images/FrameImages/20L1.jpg,/Images/FrameImages/20L2.jpg,/Images/FrameImages/20L3.jpg
20M,Davidoff,97332,Metal,Fullrim,Silver,Male,61,16,135,505478142650,SmallSL,LargePD,1,1,Oval Round Rectangular,Modern Traditional,/Images/FrameImages/20M1.jpg,/Images/FrameImages/20M2.jpg,/Images/FrameImages/20M3.jpg
20N,Davidoff,97336,Metal,Fullrim,Black,Male,59,17,135,505478142650,SmallSL,LargePD,1,1,Oval Round Rectangular,Modern Traditional,/Images/FrameImages/20N1.jpg,/Images/FrameImages/20N2.jpg,/Images/FrameImages/20N3.jpg
20O,Davidoff,L2122,Metal,Fullrim,Blue,Male,52,18,135,505478142650,SmallSL,MediumPD,1,1,Oval Round Rectangular,Modern Traditional,/Images/FrameImages/20O1.jpg,/Images/FrameImages/20O2.jpg,/Images/FrameImages/20O3.jpg
20P,Davidoff,L2139,Plastic,Fullrim,Black,Male,53,19,140,505478142650,MediumSL,MediumPD,1,1,Oval Square,Modern Traditional,/Images/FrameImages/20P1.jpg,/Images/FrameImages/20P2.jpg,/Images/FrameImages/20P3.jpg
20Q,Davidoff,L2156,Plastic,Fullrim,Silver,Male,54,16,146,505478142650,LargeSL,MediumPD,1,1,Oval Round Rectangular,Modern Traditional,/Images/FrameImages/20Q1.jpg,/Images/FrameImages/20Q2.jpg,/Images/FrameImages/20Q3.jpg
20R,Davidoff,PWM035,Plastic,Fullrim,Brown,Male,56,16,145,505478142650,LargeSL,MediumPD,1,1,Oval Round,Modern Traditional,/Images/FrameImages/20R1.jpg,/Images/FrameImages/20R2.jpg,/Images/FrameImages/20R3.jpg
21A,Davidoff,99304,Metal,Supra,Black,Male,55,18,140,505478142650,MediumSL,MediumPD,0,1,Oval Rectangular,Modern,/Images/FrameImages/21A1.jpg,/Images/FrameImages/21A2.jpg,/Images/FrameImages/21A3.jpg
21B,Davidoff,93050,Metal,Fullrim,Gun,Male,52,17,140,505478142650,MediumSL,MediumPD,0,1,Oval Rectangular,Modern Traditional,/Images/FrameImages/21B1.jpg,/Images/FrameImages/21B2.jpg,/Images/FrameImages/21B3.jpg
21C,Davidoff,93046,Metal,Fullrim,Bronze,Male,56,16,140,505478142650,MediumSL,MediumPD,0,1,Oval Round,Modern Traditional,/Images/FrameImages/21C1.jpg,/Images/FrameImages/21C2.jpg,/Images/FrameImages/21C3.jpg
21D,Davidoff,95110,Metal,Fullrim,Black,Male,57,16,140,505478142650,MediumSL,MediumPD,0,1,Oval Round,Modern Traditional,/Images/FrameImages/21D1.jpg,/Images/FrameImages/21D2.jpg,/Images/FrameImages/21D3.jpg
21E,Davidoff,95117,Metal,Fullrim,Black,Male,55,16,140,505478142650,MediumSL,MediumPD,0,1,Oval Round,Modern Traditional,/Images/FrameImages/21E1.jpg,/Images/FrameImages/21E2.jpg,/Images/FrameImages/21E3.jpg
21F,Davidoff,95105,Metal,Fullrim,Black,Male,55,18,140,505478142650,MediumSL,MediumPD,0,1,Oval Round,Modern,/Images/FrameImages/21F1.jpg,/Images/FrameImages/21F2.jpg,/Images/FrameImages/21F3.jpg
21G,Davidoff,93040,Metal,Fullrim,Black,Male,56,17,140,505478142650,MediumSL,MediumPD,0,1,Oval Square,Modern Traditional,/Images/FrameImages/21G1.jpg,/Images/FrameImages/21G2.jpg,/Images/FrameImages/21G3.jpg
21H,Davidoff,91021,Plastic,Fullrim,Tort,Male,52,16,140,505478142650,MediumSL,MediumPD,0,1,Oval Square,Modern Traditional,/Images/FrameImages/21H1.jpg,/Images/FrameImages/21H2.jpg,/Images/FrameImages/21H3.jpg
21I,Davidoff,99305-310,Metal,Fullrim,Navy,Male,55,16,140,505478142650,MediumSL,MediumPD,0,1,Oval Round,Modern Traditional,/Images/FrameImages/21I1.jpg,/Images/FrameImages/21I2.jpg,/Images/FrameImages/21I3.jpg
21K,Peter Werth,PW009,Plastic,Fullrim,Black,Male,53,19,140,505478142650,MediumSL,MediumPD,0,0,Oval Rectangular,Modern,/Images/FrameImages/21K1.jpg,/Images/FrameImages/21K2.jpg,/Images/FrameImages/21K3.jpg
21L,Peter Werth,PW010,Metal,Fullrim,Gun,Male,58,18,145,505478142650,LargeSL,LargePD,0,1,Oval Rectangular,Modern Traditional,/Images/FrameImages/21L1.jpg,/Images/FrameImages/21L2.jpg,/Images/FrameImages/21L3.jpg
21M,Peter Werth,PW008,Plastic,Fullrim,Gray,Male,60,15,140,505478142650,MediumSL,LargePD,0,1,Oval Round,Modern Traditional,/Images/FrameImages/21M1.jpg,/Images/FrameImages/21M2.jpg,/Images/FrameImages/21M3.jpg
21N,Peter Werth,PW011,Metal,Fullrim,Black,Male,55,18,145,505478142650,LargeSL,MediumPD,0,1,Oval Rectangular,Modern Traditional,/Images/FrameImages/21N1.jpg,/Images/FrameImages/21N2.jpg,/Images/FrameImages/21N3.jpg
21O,Peter Werth,PW014,Plastic,Fullrim,Black,Male,53,19,140,505478142650,MediumSL,MediumPD,0,1,Oval Round,Modern Traditional,/Images/FrameImages/21O1.jpg,/Images/FrameImages/21O2.jpg,/Images/FrameImages/21O3.jpg
21P,Peter Werth,PW012,Metal,Fullrim,Black,Male,58,18,140,505478142650,MediumSL,LargePD,0,1,Oval Round Rectangular,Modern,/Images/FrameImages/21P1.jpg,/Images/FrameImages/21P2.jpg,/Images/FrameImages/21P3.jpg
21Q,Peter Werth,PW013,Metal,Supra,Gun,Male,60,15,140,505478142650,MediumSL,LargePD,0,0,Oval Round Rectangular,Modern,/Images/FrameImages/21Q1.jpg,/Images/FrameImages/21Q2.jpg,/Images/FrameImages/21Q3.jpg
21R,Peter Werth,PW014,Plastic,Fullrim,Tort,Male,55,18,140,505478142650,MediumSL,MediumPD,0,1,Oval Round,Modern,/Images/FrameImages/21R1.jpg,/Images/FrameImages/21R2.jpg,/Images/FrameImages/21R3.jpg
22A,Stepper,SI-4111,Titanium,Fullrim,Silver,Male,58,17,140,505478142650,MediumSL,LargePD,0,1,Oval Round,Modern Traditional,/Images/FrameImages/22A1.jpg,/Images/FrameImages/22A2.jpg,/Images/FrameImages/22A3.jpg
22B,Stepper,SI-20027,Plastic,Fullrim,Tort,Male,56,15,140,505478142650,MediumSL,MediumPD,0,1,Oval Round,Modern Traditional,/Images/FrameImages/22B1.jpg,/Images/FrameImages/22B2.jpg,/Images/FrameImages/22B3.jpg
22C,Stepper,SI-4009,Titanium,Fullrim,Gold,Male,54,16,135,505478142650,SmallSL,MediumPD,0,1,Oval Round,Traditional,/Images/FrameImages/22C1.jpg,/Images/FrameImages/22C2.jpg,/Images/FrameImages/22C3.jpg
22D,Stepper,SI-4024,Titanium,Fullrim,Gun,Male,53,17,140,505478142650,MediumSL,MediumPD,0,1,Oval Round,Modern Traditional,/Images/FrameImages/22D1.jpg,/Images/FrameImages/22D2.jpg,/Images/FrameImages/22D3.jpg
22E,Stepper,SI-8498,Titanium,Rimless,Gray,Male,53,17,140,505478142650,MediumSL,MediumPD,0,1,Oval Round,Modern Traditional,/Images/FrameImages/22E1.jpg,/Images/FrameImages/22E2.jpg,/Images/FrameImages/22E3.jpg
22F,Stepper,SI8095,Titanium,Rimless,Gold,Male,54,16,140,505478142650,MediumSL,MediumPD,0,1,Oval Round,Modern Traditional,/Images/FrameImages/22F1.jpg,/Images/FrameImages/22F2.jpg,/Images/FrameImages/22F3.jpg
22G,Stepper,SI4047,Titanium,Fullrim,Gun,Male,54,19,140,505478142650,MediumSL,MediumPD,0,1,Oval Round,Modern Traditional,/Images/FrameImages/22G1.jpg,/Images/FrameImages/22G2.jpg,/Images/FrameImages/22G3.jpg
22H,Stepper,SI4035,Titanium,Supra,Gun,Male,55,17,140,505478142650,MediumSL,MediumPD,0,1,Oval Round Rectangular,Modern Traditional,/Images/FrameImages/22H1.jpg,/Images/FrameImages/22H2.jpg,/Images/FrameImages/22H3.jpg
22I,Stepper,SI20003,Plastic,Fullrim,Gray,Male,54,14,135,505478142650,SmallSL,MediumPD,0,1,Oval Round Rectangular,Modern,/Images/FrameImages/22I1.jpg,/Images/FrameImages/22I2.jpg,/Images/FrameImages/22I3.jpg
22K,Flex,TA3706,Flex,Supra,Black,Male,56,18,140,505478142650,MediumSL,MediumPD,0,0,Oval Round Rectangular,Modern,/Images/FrameImages/22K1.jpg,/Images/FrameImages/22K2.jpg,/Images/FrameImages/22K3.jpg
22L,Flex,TA3708,Flex,Fullrim,Bronze,Male,55,16,145,505478142650,LargeSL,MediumPD,0,1,Oval Round Rectangular,Modern,/Images/FrameImages/22L1.jpg,/Images/FrameImages/22L2.jpg,/Images/FrameImages/22L3.jpg
22M,Flex,TA3712,Flex,Fullrim,Brown,Male,54,16,145,505478142650,LargeSL,MediumPD,0,1,Oval Round Rectangular,Modern,/Images/FrameImages/22M1.jpg,/Images/FrameImages/22M2.jpg,/Images/FrameImages/22M3.jpg
22N,Flex,TA3705,Flex,Fullrim,Black,Male,54,17,145,505478142650,LargeSL,MediumPD,0,1,Oval Round,Modern,/Images/FrameImages/22N1.jpg,/Images/FrameImages/22N2.jpg,/Images/FrameImages/22N3.jpg
22O,Flex,TA3713,Flex,Fullrim,Silver,Male,54,17,145,505478142650,LargeSL,MediumPD,0,1,Oval Round Rectangular,Modern,/Images/FrameImages/22O1.jpg,/Images/FrameImages/22O2.jpg,/Images/FrameImages/22O3.jpg
22P,Flex,TA3709,Flex,Fullrim,Blue,Male,53,17,145,505478142650,LargeSL,MediumPD,0,1,Oval Round,Modern,/Images/FrameImages/22P1.jpg,/Images/FrameImages/22P2.jpg,/Images/FrameImages/22P3.jpg
22Q,Flex,TA1701,Flex,Fullrim,Gun,Male,53,15,145,505478142650,LargeSL,MediumPD,0,1,Oval Round,Modern,/Images/FrameImages/22Q1.jpg,/Images/FrameImages/22Q2.jpg,/Images/FrameImages/22Q3.jpg
22R,Flex,TA1710,Flex,Fullrim,Bronze,Male,54,17,150,505478142650,LargeSL,MediumPD,0,1,Oval Round,Modern,/Images/FrameImages/22R1.jpg,/Images/FrameImages/22R2.jpg,/Images/FrameImages/22R3.jpg
